Product Name,Product Category,Other,Price,Price,Other
"Scarpe Casual Scarpe Sportive Per Aumentare Le Coppie Maschili E Femminili Scarpe Nuove Calde 2023 Europa E Gli Stati Uniti Con Suola Nera Spessa - Buy Chunky Heel Platform Shoes,Man Shoe Casual Shoe Sport Shoe,Height Increasing Sports Shoes Product on Alibaba.com","","","","",""
"Cheaper Guantes De Portero Professional Football Soccer Goalkeeper Gloves With Finger Protection Soccer Goalie Gloves - Buy Goalkeeper Gloves Professional Football Gloves Goalkeeper Goalkeeper Gloves Adidas Predator With Finger Protect,Soccer Goalkeeper Gloves Goalkeeper Gloves Goalkeeper Gloves Guantes De Futbol With Finger Protection,Adidas Goalkeeper Gloves With Finger Protection Soccer Goalie Gloves Goalkeeper Gloves Manufacturer Product on Alibaba.com",Beauty,Min. ordine: 100,"8,13 USD - 11,60 USD","26,90 USD - 29,80 USD",Min. ordine:50 coppie
"Personalizzato 100 Dollari Banca Antenato Banconote Film Prop Soldi Uk Prop Soldi Per Il Gioco Della Festa - Buy Prop Money,Ancestor Money,Movie Prop Money Product on Alibaba.com",Shoes & Accessories,Min. ordine: 2000,"5,80 USD - 6,50 USD","15,00 USD - 25,00 USD",Min. ordine:2.0 parti
"2023 Concorso Pu Football Vendita Calda Taglia 5 Pallone Da Calcio Termosaldato Personalizzato Pu Leather Professione Football - Buy 2023 Premium Pu Football World Cup Ball,High Quality Official Soccer Ball Thermal Bonded,Customize Logo Football Product on Alibaba.com",Consumer Electronics,Min. ordine: 100,"4,80 USD - 6,10 USD","6,80 USD - 7,30 USD",Min. ordine:100 parti
"Siero Complesso Di Recupero Sincronizzato Riparazione Notturna Avanzata - Buy Advanced Night Repair Synchronized Recovery Complex Serum,Usps Serum,Pure Vitamin C Serum Product on Alibaba.com",Packaging & Printing,Min. ordine: 100,"","2,80 USD - 3,50 USD",Min. ordine:12 parti
"Aha 30% Bha 2% Peeling Soluzione Per La Pelle Prodotti Per La Cura Del Viso Siero Per La Cura Della Pelle Prodotto - Buy Aha 30% Bha 2% Peeling Solution Produit,Skin Products Face Care Serum,Skincare Product on Alibaba.com","","","","",""
"Invito Per Feste Di Lusso Bianco Piccolo Stampato Personalizzato Bomboniere Confezione Dolce Regalo Di Nozze Scatola Di Cioccolatini Scatola Di Caramelle Con Nastro - Buy Wedding Box,Gift Box Chocolate,Candy Boxes With Ribbon Product on Alibaba.com",Shoes & Accessories,Min. ordine: 5000,"0,02 USD","0,01 USD",Min. ordine:2 parti
"Famose Scarpe Firmate Di Alta Qualità Di Marca Originali 1:1 Sneakers Firmate Scarpe Da Donna Di Lusso Da Uomo - Buy Designer Sneakers Famous Brands,Women's Casual Shoes,Wholesale Designer Shoes Product on Alibaba.com",Packaging & Printing,Min. ordine: 1000,"67,00 USD - 94,00 USD","",""
"Crema Solare Spf 50 + Controllo Dell'olio Leggera E Non Grassa Adatta Per Crema Solare Con Etichetta Verde Per Pelli Grasse E Miste - Buy Sunscreen Cream,Sunscreen Spf 50+ Oil Control Light And Non Greasy,Spf Day Cream Moisturizer Product on Alibaba.com",Packaging & Printing,Min. ordine: 100,"1,50 USD - 3,50 USD","",""
"Cupola Di Vetro Rosa Incantata Amore Romantico All'ingrosso Con Anniversario Led San Valentino Miglior Regalo Per Lei - Buy Valentines Day Gift Wholesale,Enchanted Rose In Glass Dome,Best Anniversary Gifts For Her Product on Alibaba.com",Packaging & Printing,Min. ordine: 5000,"5,80 USD - 6,80 USD","",""