Location,Unknown,Unknown,Name,Rating,Location,Rating,Rating,Location,Unknown,other,Rating,Name,Location,Rating,Rating,Rating,Rating,Rating,Rating,Rating,Rating,Rating,Name,Rating,Rating,Unknown,Rating,Rating,Unknown,Location,Location,Name,Name
2,3,4,5,6,7,9.0,10,11,12,13,14,16,17,26,27,28.0,29.0,30.0,31.0,32.0,33,34,35,36,37,39,40,41,42,43,44,45,46
https://www.tripadvisor.it/Restaurant_Review-g186338-d10440481-Reviews-Andy_s_Greek_Taverna-London_England.html,"ANDY'S GREEK TAVERNA, Londra - Camden - Menu, Prezzo, Ristorante Recensioni & Prenotazioni - Tripadvisor",.            @   }                                                .          @ } @ }             . . . . .      @ } @ }  @ }        @ }    @ } @ }                                                                      .  .             . @ }   @ } @ }        @ }                            @ }  @ } @ }              @ }  @ }   @ }   @ }      @ }  @ },Tipi di cucina famosi a Londra,Scopri,Vedi tutti i ristoranti a Londra,2.432,#17,di 15.768 ristoranti a Londra,"23 Pratt Street Camden, Londra NW1 0BG Inghilterra",Vedi tutto (691),"5,0","pasti, funzionalità",+44 20 7485 9718,(2.432),667 risultati,541.0,95.0,21.0,10.0,0.0,(667),(2.205),Francese,(45),(45),drperti,30 recensioni,From Athens to London in a while,,ottobre 2022,Ricevi risposte dal personale della struttura Andy's Greek Taverna e dai visitatori precedenti.,Andy's Greek Taverna offre il servizio d'asporto?,
https://www.tripadvisor.it/Restaurant_Review-g608890-d23552783-Reviews-Vista_Wine_Bar-Castel_Gandolfo_Province_of_Rome_Lazio.html,"VISTA WINE BAR, Castel Gandolfo - Ristorante Recensioni, Foto & Prenotazioni - Tripadvisor",@   }     .                                            .                                                                            .  .             . @ }   @ } @ }        @ }                            @ }  @ } @ }              @ }  @ }   @ }   @ }      @ }  @ },Tipi di cucina famosi a Castel Gandolfo,Scopri,Vedi tutti i ristoranti a Castel Gandolfo,38.0,,,"Via Spiaggia Del Lago 2, 00073 Castel Gandolfo Italia",,"4,0",,+39 350 191 2121,(38),38 risultati,19.0,7.0,4.0,2.0,6.0,,,,,,Giulia C,1 recensione,Stupendo,"Locale fantastico , il personale è sempre gentile , ottimi drink , cibo di qualità , ottima accoglienza \uD83D\uDC4D\uD83D\uDC4D\uD83D\uDC4D\uD83D\uDC4D\uD83D\uDC4D",novembre 2023,,Qual è la valutazione di Vista Wine Bar?,Vista Wine Bar è valutato dai viaggiatori di Tripadvisor in base alle seguenti categorie:
https://www.tripadvisor.it/Restaurant_Review-g794657-d2709370-Reviews-La_Taverna-Nemi_Province_of_Rome_Lazio.html,"LA TAVERNA, Nemi - Via Nemorense 13/15 - Menu, Prezzo & Ristorante Recensioni - Tripadvisor",.            @   }                                         .          @ } @ }             . . . . .      @ } @ }  @ }        @ }    @ } @ }                                                                      .  .             . @ }   @ } @ }        @ }                            @ }  @ } @ }              @ }  @ }   @ }   @ }      @ }  @ },Tipi di cucina famosi a Nemi,Scrivi una recensione,Vedi tutti i ristoranti a Nemi,347.0,#6,di 27 ristoranti a Nemi,"Via Nemorense, 13/15, 00074 Nemi Italia",Vedi tutto (130),"4,0",funzionalità,+39 06 936 8135,(347),330 risultati,156.0,113.0,37.0,11.0,13.0,(330),(12),Danese,(7),(1),Alfredo M,2 recensioni,Bravissimi,"Ottimo tutto. Per fare la differenza, la professionalità è d'obbligo.  Se poi il tutto è racchiuso in un trattamento economico giusto ed onesto....Marco e Roberto hanno motivo di essere provati per credere! Grazie mille, molto gentili.",novembre 2023,Ricevi risposte dal personale della struttura La Taverna e dai visitatori precedenti.,La Taverna offre il servizio d'asporto?,
https://www.tripadvisor.it/Restaurant_Review-g794657-d3203003-Reviews-Il_Ramo_d_Oro-Nemi_Province_of_Rome_Lazio.html,"IL RAMO D'ORO, Nemi - Menu, Prezzo & Ristorante Recensioni - Tripadvisor",.            @   }                                         .          @ } @ }             . . . . .      @ } @ }  @ }        @ }    @ } @ }                                                                      .  .             . @ }   @ } @ }        @ }                            @ }  @ } @ }              @ }  @ }   @ }   @ }      @ }  @ },Tipi di cucina famosi a Nemi,Scopri,Vedi tutti i ristoranti a Nemi,670.0,#5,di 27 ristoranti a Nemi,"Via Nemorense 4, 00074 Nemi Italia",,"4,0","pasti, funzionalità",+39 06 936 8048,(670),636 risultati,266.0,232.0,71.0,28.0,39.0,(636),(22),Danese,(12),(3),Tanya F,2 recensioni,Un vero peccato,"Era un po’ che non andavo con la mia famiglia e sono rimasta delusa. Menù ristretto, prezzi lievitati e troppi tavoli aggiunti all ‘interno. Un vero peccato .",ottobre 2023,Ricevi risposte dal personale della struttura Il Ramo d'Oro e dai visitatori precedenti.,Qual è la valutazione di Il Ramo d'Oro?,Il Ramo d'Oro è valutato dai viaggiatori di Tripadvisor in base alle seguenti categorie:
https://www.tripadvisor.it/Attraction_Review-g608890-d6692028-Reviews-Lake_Albano-Castel_Gandolfo_Province_of_Rome_Lazio.html,LAGO ALBANO: Tutto quello che c'è da sapere (AGGIORNATO 2023) - Tripadvisor,,,,,,,,,,,,,,,,,,,,,,,,,,,,,,,,
https://www.tripadvisor.it/Restaurant_Review-g186338-d10460592-Reviews-Bonoo_Indian_Tapas_Restaurant-London_England.html,"BONOO INDIAN TAPAS RESTAURANT, Londra - Menu, Prezzo & Ristorante Recensioni - Tripadvisor",@   }     .                                            .          @ } @ }             . . . . .      @ } @ }  @ }        @ }    @ } @ }                                                                      .  .             . @ }   @ } @ }        @ }                            @ }  @ } @ }              @ }  @ }   @ }   @ }      @ }  @ },Tipi di cucina famosi a Londra,Scrivi una recensione,Vedi tutti i ristoranti a Londra,2.627,#2,di 15.768 ristoranti a Londra,"675 Finchley Road, Londra NW2 2JP Inghilterra",Vedi tutto (1.361),"5,0","pasti, funzionalità",+44 20 7794 8899,(2.628),294 risultati,249.0,30.0,5.0,8.0,2.0,(294),(2.522),Francese,(33),(33),Global10146372997,1 recensione,AMAIZING!,"Sono venuto in questo ristorante con la mia bellissima fidanzata, per il nostro mesiversario, il 18. Anyway…. Esperienza memorabile! Cibo ottimo (ps. Non consigliato per i non amanti di piccante) e staff altrettanto accogliente :-)",ottobre 2023,Ricevi risposte dal personale della struttura Bonoo Indian Tapas Restaurant e dai visitatori precedenti.,Bonoo Indian Tapas Restaurant offre il servizio d'asporto?,
https://www.tripadvisor.it/Restaurant_Review-g608890-d7059893-Reviews-La_Cruna_Del_Lago-Castel_Gandolfo_Province_of_Rome_Lazio.html,"LA CRUNA DEL LAGO, Castel Gandolfo - Menu, Prezzo, Ristorante Recensioni & Prenotazioni - Tripadvisor",.            @   }                                         .          @ } @ }             . . . . .      @ } @ }  @ }        @ }    @ } @ }                                                                      .  .             . @ }   @ } @ }        @ }                            @ }  @ } @ }              @ }  @ }   @ }   @ }      @ }  @ },Tipi di cucina famosi a Castel Gandolfo,Scopri,Vedi tutti i ristoranti a Castel Gandolfo,378.0,#7,di 49 ristoranti a Castel Gandolfo,"Via Arco Delle Scuole Pie 12, 00073 Castel Gandolfo Italia",Vedi tutto (275),"4,0",funzionalità,+39 333 408 6468,(378),360 risultati,173.0,104.0,42.0,19.0,22.0,(360),(9),Francese,(7),(7),I2483SDvivianaa,1 recensione,Da provare assolutamente,"Posto piccolo ma ben curato. Abbiamo trascorso un piacevole pranzo domenicale con mio marito e le nostre figlie. Proprietari/personale di una gentilezza e disponibilità più unica che rara. Piatti semplici, tradizionali e gustosi con un rapporto qualità prezzo eccellente . Carbonara top! Consigliatissimo",novembre 2023,Ricevi risposte dal personale della struttura La Cruna Del Lago e dai visitatori precedenti.,Qual è la valutazione di La Cruna Del Lago?,La Cruna Del Lago è valutato dai viaggiatori di Tripadvisor in base alle seguenti categorie:
https://www.tripadvisor.it/Restaurant_Review-g794657-d1999913-Reviews-Ristorante_Santi_e_Briganti-Nemi_Province_of_Rome_Lazio.html,"RISTORANTE SANTI E BRIGANTI, Nemi - Ristorante Recensioni, Numero di Telefono & Foto - Tripadvisor",@   }     .                                            .          @ } @ }             . . . . .      @ } @ }  @ }        @ }    @ } @ }                                                                      .  .             . @ }   @ } @ }        @ }                            @ }  @ } @ }              @ }  @ }   @ }   @ }      @ }  @ },Tipi di cucina famosi a Nemi,Scopri,Vedi tutti i ristoranti a Nemi,544.0,#15,di 27 ristoranti a Nemi,"Corso Vittorio Emanuele 6, 00074 Nemi Italia",Vedi tutto (225),"3,5",funzionalità,+39 06 936 8119,(544),520 risultati,162.0,172.0,86.0,43.0,57.0,(520),(25),Francese,(5),(5),Anastasianob,435 recensioni,"Da migliorare, basta un po' di passione",,ottobre 2023,Ricevi risposte dal personale della struttura Ristorante Santi e Briganti e dai visitatori precedenti.,Qual è la valutazione di Ristorante Santi e Briganti?,Ristorante Santi e Briganti è valutato dai viaggiatori di Tripadvisor in base alle seguenti categorie:
https://www.tripadvisor.it/Restaurant_Review-g794657-d3506825-Reviews-La_Fiocina-Nemi_Province_of_Rome_Lazio.html,"LA FIOCINA, Nemi - Ristorante Recensioni, Numero di Telefono & Foto - Tripadvisor",.            @   }                                         .          @ } @ }             . . . . .      @ } @ }  @ }        @ }    @ } @ }                                                                      .  .             . @ }   @ } @ }        @ }                            @ }  @ } @ }              @ }  @ }   @ }   @ }      @ }  @ },Tipi di cucina famosi a Nemi,Scopri,Vedi tutti i ristoranti a Nemi,234.0,#13,di 27 ristoranti a Nemi,"Via delle Navi di Tiberio 9/11 Lago Di Nemi, 00074 Nemi Italia",Vedi tutto (137),"4,0","pasti, funzionalità",+39 06 939 1120,(234),228 risultati,92.0,68.0,18.0,,32.0,(228),(3),Olandese,(1),,pamelajones2016,12 recensioni,Esperienza negativa,,novembre 2023,Ricevi risposte dal personale della struttura La Fiocina e dai visitatori precedenti.,Qual è la valutazione di La Fiocina?,La Fiocina è valutato dai viaggiatori di Tripadvisor in base alle seguenti categorie:
