Description,Product Name
"86
8","74
72"
"black
Tommy Hilfiger NEW DENTON - Cintura - black/nero - Zalando.it","NEW DENTON - Cintura
Tommy Hilfiger"
Bonton REVERSIBLE FUR GRAND CABAS UNISEX - Shopping bag - carreau british/marrone - Zalando.it,
"thyme green
Reima VELI - Giacca invernale - thyme green/verde - Zalando.it","VELI - Giacca invernale
Reima"
"black
The North Face NORM SHALLOW UNISEX - Berretto - black/nero - Zalando.it","NORM SHALLOW UNISEX - Berretto
The North Face"
"monarch/persian violet/midnight navy/light brown
Nike SB FORCE 58 UNISEX - Sneakers basse - monarch/persian violet/midnight navy/light brown/marrone chiaro - Zalando.it","FORCE 58 UNISEX - Sneakers basse
Nike SB"
"anthracite/black/white
Nike Sportswear HOODIE - Felpa con cappuccio - anthracite/black/white/antracite - Zalando.it","HOODIE - Felpa con cappuccio
Nike Sportswear"
Polo Ralph Lauren COLD WEATHER - Berretto - andover hthr/grigio - Zalando.it,
"khaki
South Beach Stivali da neve  - khaki/cachi - Zalando.it","Stivali da neve
South Beach"
"steel blue
Pepe Jeans WINTER ROSE - Felpa - steel blue/blu - Zalando.it","WINTER ROSE - Felpa
Pepe Jeans"
"green
Nike Sportswear HOODIE - Felpa con cappuccio - green/verde - Zalando.it","HOODIE - Felpa con cappuccio
Nike Sportswear"
Polo Ralph Lauren COLD WEATHER HAT - Berretto - dark granite/grigio scuro - Zalando.it,
Monnalisa ANFIBIO CON FIOCCHI  - Scarpe primi passi - red/rosso - Zalando.it,
"cherry red oxford rub off
Dr. Martens 7' VEGAN SATCHEL   - Borsa a tracolla - cherry red oxford rub off/rosso - Zalando.it","7' VEGAN SATCHEL   - Borsa a tracolla
Dr. Martens"
"",
"blue horizon
Mos Mosh MARGO - Maglione - blue horizon/sabbia - Zalando.it","MARGO - Maglione
Mos Mosh"
"oxford tan
Name it NMFOLASNA UNISEX - Maglione - oxford tan/marrone chiaro - Zalando.it","NMFOLASNA UNISEX - Maglione
Name it"
"black
camano BASIC 6 PACK - Calze - black/nero - Zalando.it","BASIC 6 PACK - Calze
camano"
"black
Pier One Borsa a tracolla - black/nero - Zalando.it","Borsa a tracolla
Pier One"
"black/white
Dr. Martens 1460  BOOT - Stivaletti stringati - black/white/nero - Zalando.it","1460  BOOT - Stivaletti stringati
Dr. Martens"
"",
Gucci MASK - Occhiali da sole - pink/multicolor/yellow/fuxia - Zalando.it,
"",
"felt & kohl
Makeup Revolution REVOLUTION AWESOME EYELINER - Eyeliner - felt & kohl/nero - Zalando.it","REVOLUTION AWESOME EYELINER - Eyeliner
Makeup Revolution"
"cherry red
Dr. Martens 1460 J Softy - Stivaletti stringati - cherry red/rosso scuro - Zalando.it","1460 J Softy - Stivaletti stringati
Dr. Martens"
"orchid smoke
camano CHILDREN 6 PACK UNISEX - Calze - orchid smoke/multicolore - Zalando.it","CHILDREN 6 PACK UNISEX - Calze
camano"
"",
"",
"cinnamon brown
Reima NAAPURI - Giacca invernale - cinnamon brown/marrone - Zalando.it","NAAPURI - Giacca invernale
Reima"
"faded willow
Tommy Jeans ALASKA PUFFER - Piumino - faded willow/oliva - Zalando.it","ALASKA PUFFER - Piumino
Tommy Jeans"
"black
WAUW CAPOW by Bangbang Copenhagen DARK DEAN HOODIE UNISEX - Felpa - black/nero - Zalando.it","DARK DEAN HOODIE UNISEX - Felpa
WAUW CAPOW by Bangbang Copenhagen"
"Abbigliamento, scarpe e accessori alla moda | Scoprili su Zalando",
"white/black
Nike Sportswear DUNK UNISEX - Sneakers basse - white/black/bianco - Zalando.it","DUNK UNISEX - Sneakers basse
Nike Sportswear"
"black/white
Polaroid NOW GEN 2 SET - Macchina fotografica - black/white/bianco - Zalando.it","NOW GEN 2 SET - Macchina fotografica
Polaroid"
Zadig & Voltaire ALL IN ONE - Tuta jumpsuit - rasberry/fuxia - Zalando.it,
"",
