Foundation,Competitor,Employees,CEO,Company Name
"Founded: April 1, 1976",Samsung,"Employees: 100,000",CEO: Mr. Timothy D. Cook,Apple
"Founded: April 4, 1975",Oracle,"Employees: 181,000",CEO: Mr. Satya Nadella,Microsoft
"",ExxonMobil,"",CEO: Mr. Amin H. Nasser,Aramco
"Founded: October 2, 2015",Meta,"Employees: 156,500",CEO: Mr. Sundar Pichai,Alphabet
"Founded: July 5, 1994",Alibaba,"Employees: 1,608,000",CEO: Mr. Andrew R. Jassy,Amazon
"Founded: July 1, 2003",Volkswagen,"Employees: 99,290",CEO: Mr. Elon R. Musk,Tesla
Founded: 1839,Grupo Elektra SAB DE CV,"Employees: 372,000",CEO: Mr. Warren E. Buffett,Berkshire Hathaway
"Founded: April 5, 1993",TSMC,"Employees: 22,473",CEO: Mr. Jen-Hsun Huang,Nvidia
"Founded: January 4, 2004",Alphabet,"Employees: 71,970",CEO: Mr. Mark Elliot Zuckerberg,Meta
"Founded: Industrial Technology Research Institute, Hsinchu, Taiwan.1987",Nvidia,"Employees: 54,193",CEO: Dr. C. C. Wei,TSMC
Founded: 1977,CVS Health,"Employees: 350,000",CEO: Sir Andrew Philip Witty,UnitedHealth Group
"Founded: September 18, 1958",Mastercard,"Employees: 21,500",CEO: Mr. Alfred Francis Kelly Jr.,Visa
Founded: January 1886,Roche,"Employees: 141,700",CEO: Mr. Joaquin Duato,Johnson & Johnson
"",Alphabet,"Employees: 112,771",CEO: Mr. Huateng Pony Ma,Tencent
"Founded: July 2, 1962",Costco,"Employees: 2,300,000",CEO: Mr. C. Douglas McMillon,Walmart
"Founded: December 1, 2000",Bank of America,"Employees: 271,025",CEO: Mr. James Dimon,JPMorgan